,country,browser,week_before,week_after,rate_change_effect,proportion_change_effect
0,AA,chrome,0,1,-0.00014032205107819377,9.005314974737668e-05
1,AA,firefox,0,1,3.093144829452629e-05,0.00012491039462884853
2,AA,ie,0,1,-8.267608406253178e-05,-2.4635099274319865e-05
3,AA,safari,0,1,-9.965905474282822e-05,-1.540652265266931e-05
4,AB,chrome,0,1,-0.00011102182053369757,2.747730105144319e-05
5,AB,firefox,0,1,-1.0821684744819684e-05,4.587780054527441e-06
6,AB,ie,0,1,-8.507482072133587e-06,2.6983551418353096e-05
7,AB,safari,0,1,-1.468069475124029e-05,7.821512453436478e-06
8,AC,chrome,0,1,-0.0002307870460088819,3.3767219508999285e-05
9,AC,firefox,0,1,-1.8675520147877244e-05,-6.141817540453969e-05
10,AC,ie,0,1,-9.52259039310393e-05,-6.877309218936045e-05
11,AC,safari,0,1,-8.39018541252349e-05,-0.0003175585537179204
12,AD,chrome,0,1,-0.0002683988454180525,0.00015582470367163275
13,AD,firefox,0,1,-5.782637179817126e-06,4.162542176737059e-05
14,AD,ie,0,1,-1.7184145582803334e-05,-0.00028949570681593246
15,AD,safari,0,1,-0.0001193889752461558,-3.804402647158552e-05
16,AE,chrome,0,1,-0.00013436866178965644,-0.00022618497736855874
17,AE,firefox,0,1,-1.2229478616049333e-05,-3.315368012390779e-06
18,AE,ie,0,1,-5.645335990062433e-06,1.4805187025380107e-05
19,AE,safari,0,1,-7.877593345359717e-06,-6.939892827698309e-05
20,AF,chrome,0,1,1.2974362371692443e-05,7.092283643511211e-05
21,AF,firefox,0,1,9.068914310320197e-07,-7.560909244082365e-06
22,AF,ie,0,1,2.1684139236561985e-05,-1.3293932742544422e-05
23,AF,safari,0,1,6.638242567545276e-06,-2.4524227129777935e-06
24,AG,chrome,0,1,-2.142199623804965e-05,-4.886471628170056e-06
25,AG,firefox,0,1,-7.736878695143677e-07,-9.754507883552674e-07
26,AG,ie,0,1,-4.6487696487478264e-05,-1.527460125245042e-05
27,AG,safari,0,1,6.667646434618797e-06,-8.153827621629982e-06
28,AH,chrome,0,1,0.00019626736286671614,8.106013355171975e-05
29,AH,firefox,0,1,-1.0742828976574568e-05,9.315103912558888e-05
30,AH,ie,0,1,-4.981316597096543e-05,-0.00020622557143476467
31,AH,safari,0,1,3.37750085339671e-05,6.775835589112601e-05
32,AI,chrome,0,1,-1.7231939129508543e-05,-7.964616141635847e-06
33,AI,firefox,0,1,1.7332221645556773e-05,-2.462786579603889e-05
34,AI,ie,0,1,3.51573919555423e-05,-1.1188211294012286e-06
35,AI,safari,0,1,-1.8521947330160356e-05,-4.642871835179644e-06
36,AJ,chrome,0,1,3.845276663893129e-05,4.166060659227178e-05
37,AJ,firefox,0,1,2.156021861969871e-05,-3.737685910356013e-05
38,AJ,ie,0,1,6.883555403276186e-05,-1.5801402236562153e-05
39,AJ,safari,0,1,4.3154782583085466e-05,2.4264619048716044e-06
40,AA,chrome,1,2,-0.00012612191856525251,-2.45976944318942e-06
41,AA,firefox,1,2,-4.493448635025055e-05,-1.5568036249068713e-05
42,AA,ie,1,2,-0.0001740414361251367,0.0001210947232898825
43,AA,safari,1,2,-5.061768541633445e-05,4.15346183663761e-06
44,AB,chrome,1,2,3.196027456040379e-05,-1.346712953364723e-05
45,AB,firefox,1,2,6.226428623326037e-06,-1.6066744984310185e-05
46,AB,ie,1,2,1.4812667404378734e-05,-4.0953718301959134e-07
47,AB,safari,1,2,1.2314613101902723e-05,7.175200858178784e-06
48,AC,chrome,1,2,-3.51081058932812e-05,-0.00012961413680654294
49,AC,firefox,1,2,-1.1423784149391784e-05,-0.00012475085127635762
50,AC,ie,1,2,-1.7491867384483587e-05,-0.00018134354504836523
51,AC,safari,1,2,2.795995013689342e-05,0.0001568202079264949
52,AD,chrome,1,2,-0.000123523663705264,-7.495483160810662e-05
53,AD,firefox,1,2,-6.06395937931052e-07,-4.4013681042660135e-06
54,AD,ie,1,2,9.362445295956675e-06,0.0001453476813499547
55,AD,safari,1,2,5.2729895003408465e-05,-1.3983284868941009e-05
56,AE,chrome,1,2,1.779862295761354e-05,-4.58862810150761e-05
57,AE,firefox,1,2,-2.2822771158684824e-05,-7.74871362470836e-05
58,AE,ie,1,2,-1.53541706985989e-05,-1.651458738889759e-06
59,AE,safari,1,2,-3.688324595096893e-05,3.101728206920127e-07
60,AF,chrome,1,2,2.7910893126531233e-05,-3.8888511978425446e-05
61,AF,firefox,1,2,-1.900846794641941e-05,4.844377287150266e-05
62,AF,ie,1,2,-2.1817504777675223e-05,1.7323556997802458e-05
63,AF,safari,1,2,-1.049749243200994e-05,-2.594510908630982e-06
64,AG,chrome,1,2,6.391609308849987e-06,-1.9675072491062602e-05
65,AG,firefox,1,2,-4.7924279556887477e-05,-1.6709586861468305e-05
66,AG,ie,1,2,1.964851886930241e-05,-2.8291934998737404e-05
67,AG,safari,1,2,-9.262427758476822e-06,-5.60370024566851e-06
68,AH,chrome,1,2,0.00010602910097162635,3.8545813029852275e-05
69,AH,firefox,1,2,8.9194665754999e-06,8.59095328508031e-05
70,AH,ie,1,2,-7.228671396453683e-05,0.00012531684966300536
71,AH,safari,1,2,-4.747588581973551e-06,3.389610418722682e-05
72,AI,chrome,1,2,-4.3452037518749145e-05,-1.794764097968767e-05
73,AI,firefox,1,2,-4.085226282891651e-05,3.380831542837967e-06
74,AI,ie,1,2,-3.0917869825762005e-05,-9.470562477406437e-06
75,AI,safari,1,2,4.532742651106476e-06,-5.463037724432165e-06
76,AJ,chrome,1,2,-9.945445767756139e-05,5.3991138245156024e-05
77,AJ,firefox,1,2,-1.4562169747812878e-06,1.5014668036014573e-05
78,AJ,ie,1,2,-2.5813920699307567e-05,0.00014466408449840992
79,AJ,safari,1,2,-3.9081473822658905e-05,1.2478483474099946e-05
80,AA,chrome,2,3,-0.00012789678333924455,8.636305433924266e-05
81,AA,firefox,2,3,-0.0001340583701871406,5.354583070893802e-05
82,AA,ie,2,3,-4.316497650998429e-05,1.0923951777374686e-05
83,AA,safari,2,3,3.235042876971926e-05,3.094997757952417e-05
84,AB,chrome,2,3,-8.148871012161177e-05,2.5369962947565162e-05
85,AB,firefox,2,3,-1.4984694463551782e-05,2.1802711634947628e-05
86,AB,ie,2,3,-7.032530736608426e-05,3.265940572061642e-06
87,AB,safari,2,3,-3.920405379059304e-05,4.896584380351033e-07
88,AC,chrome,2,3,1.1045457296346505e-05,-0.00039513995967075364
89,AC,firefox,2,3,-5.01638850411178e-07,7.409413578531986e-06
90,AC,ie,2,3,-8.318456501640028e-05,-0.00018769937816711597
91,AC,safari,2,3,-0.0001373767366198959,-0.00012476154409544145
92,AD,chrome,2,3,-0.00012685140116219326,2.8100530525607524e-05
93,AD,firefox,2,3,-5.4655282065948876e-05,-5.700670160377126e-05
94,AD,ie,2,3,-8.06104716415089e-05,-2.725993649892209e-05
95,AD,safari,2,3,-0.00015112372976776073,5.29638814641164e-05
96,AE,chrome,2,3,-6.512394498707396e-05,-0.00024366751278415442
97,AE,firefox,2,3,5.697366290807126e-06,7.284106963914372e-06
98,AE,ie,2,3,1.5945015480287043e-05,-0.00017868871574989006
99,AE,safari,2,3,-1.485386220155401e-05,-5.4375114502371594e-05
100,AF,chrome,2,3,-2.533550393554213e-05,1.9388384171790135e-05
101,AF,firefox,2,3,-2.1195389104940386e-05,-1.6796467164164967e-05
102,AF,ie,2,3,-1.2841756417382418e-05,-2.6070155924581165e-06
103,AF,safari,2,3,-2.9685015489180388e-05,4.733341757270536e-06
104,AG,chrome,2,3,-2.569044428346786e-05,-1.0706681858056071e-05
105,AG,firefox,2,3,-3.859196582152419e-06,1.000078478312626e-05
106,AG,ie,2,3,-1.0156685050624302e-06,-1.4247931852343127e-05
107,AG,safari,2,3,7.519576833505024e-06,9.101448535355936e-07
108,AH,chrome,2,3,-0.00031148541963490025,2.7330554723762135e-05
109,AH,firefox,2,3,4.887785704904396e-05,-0.00015615843585588704
110,AH,ie,2,3,3.693404869890622e-05,8.498534455588253e-06
111,AH,safari,2,3,-2.0614790786904325e-05,8.355406799844274e-06
112,AI,chrome,2,3,-3.226336790285191e-05,-1.2239459658516225e-05
113,AI,firefox,2,3,2.8401901962006952e-05,-4.737394202877014e-06
114,AI,ie,2,3,-5.646437869155786e-05,-1.3201854689404802e-05
115,AI,safari,2,3,-3.9518586136146065e-05,2.345816129296665e-06
116,AJ,chrome,2,3,-4.707308316749244e-05,0.00010549671741314538
117,AJ,firefox,2,3,-3.2700476538345477e-06,1.4381150565500799e-05
118,AJ,ie,2,3,1.7058524183252002e-05,-9.862841437476611e-05
119,AJ,safari,2,3,1.9326734464266448e-05,-6.358001071249029e-06
120,AA,chrome,3,4,3.0335237620721334e-05,1.4360611580235258e-05
121,AA,firefox,3,4,9.28549219167106e-06,2.7464461364248654e-05
122,AA,ie,3,4,-5.649819764426404e-05,-3.027183618537963e-06
123,AA,safari,3,4,-5.5423304428951145e-05,2.5446058544907176e-05
124,AB,chrome,3,4,7.234503197500907e-06,3.223806454161993e-05
125,AB,firefox,3,4,9.693434071140265e-07,1.6165609275723086e-05
126,AB,ie,3,4,3.508992253589707e-05,3.320470594352651e-06
127,AB,safari,3,4,1.303407296587006e-05,4.703819330056386e-06
128,AC,chrome,3,4,-2.7733082571326072e-06,-0.00012547554698612136
129,AC,firefox,3,4,2.2437077673704578e-05,-6.807704652789144e-06
130,AC,ie,3,4,2.2224132732333225e-05,1.4883043460908142e-05
131,AC,safari,3,4,4.223268273517979e-05,-1.7134585338229898e-05
132,AD,chrome,3,4,-0.00021391999237548606,4.692144355230625e-05
133,AD,firefox,3,4,-4.5646535484237846e-05,-8.429408576746083e-06
134,AD,ie,3,4,-2.485802322644912e-06,7.852982377229924e-05
135,AD,safari,3,4,-6.2469873092236236e-06,-3.5446471921775434e-05
136,AE,chrome,3,4,-5.4165672630842355e-05,-0.0003031277337669386
137,AE,firefox,3,4,1.4064818544501764e-06,-5.637613393759936e-05
138,AE,ie,3,4,-2.5939711179782975e-05,-0.00019128564051966126
139,AE,safari,3,4,-4.18784543454957e-06,-7.315942157662372e-05
140,AF,chrome,3,4,-2.879343967146409e-05,-3.659893228416454e-06
141,AF,firefox,3,4,-7.124934828013066e-07,1.5146227842571638e-05
142,AF,ie,3,4,-2.3879501831868674e-06,5.867392798098506e-06
143,AF,safari,3,4,1.2989839916533634e-05,6.034889423807546e-07
144,AG,chrome,3,4,-1.8462896472066544e-05,-2.1229156832866978e-05
145,AG,firefox,3,4,1.4582302477117072e-05,-2.1385313321336686e-05
146,AG,ie,3,4,-1.0031683335375173e-05,-1.909320631601685e-05
147,AG,safari,3,4,1.5549489847200408e-06,-1.056511930363964e-05
148,AH,chrome,3,4,6.329748952714613e-05,4.897618828530136e-05
149,AH,firefox,3,4,-6.73210604701078e-05,0.00014997755933803236
150,AH,ie,3,4,6.770601402511185e-05,3.5272079760341585e-05
151,AH,safari,3,4,-4.3402317789476173e-05,-2.931960398613432e-05
152,AI,chrome,3,4,-3.157724424319749e-05,-2.1928775939745048e-06
153,AI,firefox,3,4,-1.7761374058509663e-05,-7.463651633689105e-06
154,AI,ie,3,4,1.5860985767896277e-05,2.1404320787091275e-06
155,AI,safari,3,4,1.3652761025844243e-05,-9.075276851773727e-06
156,AJ,chrome,3,4,-8.449337715600817e-06,4.6910753735006934e-05
157,AJ,firefox,3,4,4.905871069609104e-06,8.21279145443541e-06
158,AJ,ie,3,4,-1.685861529855466e-05,8.198148731368086e-05
159,AJ,safari,3,4,-2.981071688746967e-05,5.2387016586314785e-05
160,AA,chrome,4,5,-0.00024951407109686163,5.753265111225647e-05
161,AA,firefox,4,5,-8.688494232667873e-05,-3.437953695458143e-05
162,AA,ie,4,5,-3.9602133455741715e-05,3.440388236263024e-05
163,AA,safari,4,5,-5.432703865456282e-05,6.281761634046274e-06
164,AB,chrome,4,5,1.1461510387718636e-05,-2.6677832640977903e-05
165,AB,firefox,4,5,-9.792790901361714e-07,-1.5219705747327548e-05
166,AB,ie,4,5,-4.31616769791991e-05,1.6756450426548273e-05
167,AB,safari,4,5,1.6123240825692824e-05,-1.6977470974764784e-06
168,AC,chrome,4,5,-0.0002760206473785317,-5.2844622705659603e-05
169,AC,firefox,4,5,-5.9995524304473336e-05,-8.445468941498913e-05
170,AC,ie,4,5,-6.106025597628394e-05,-0.00017393734412808991
171,AC,safari,4,5,-0.0001337266437153727,-9.192194636203369e-05
172,AD,chrome,4,5,-0.0001330713071025794,-2.499573799613211e-05
173,AD,firefox,4,5,-7.279280657497017e-05,6.0742820844260804e-05
174,AD,ie,4,5,-0.00019571416998377393,-2.610192986426962e-05
175,AD,safari,4,5,6.711976773017432e-06,3.207887899903983e-05
176,AE,chrome,4,5,-5.056209900294764e-05,-5.028752620948371e-05
177,AE,firefox,4,5,2.706920729157316e-06,-3.661806554933301e-05
178,AE,ie,4,5,-1.931114556877591e-05,4.3087664272208504e-05
179,AE,safari,4,5,-5.894551524224248e-05,-2.9796100728184664e-05
180,AF,chrome,4,5,-2.8405168190038194e-05,2.527199972606286e-05
181,AF,firefox,4,5,6.087921020861019e-06,3.957935839216148e-06
182,AF,ie,4,5,-8.198280972768569e-06,2.2135585595509233e-06
183,AF,safari,4,5,6.266378644367277e-06,5.2106678193693125e-06
184,AG,chrome,4,5,-1.3195101324386578e-05,-9.840458508494787e-06
185,AG,firefox,4,5,5.9044361945877235e-06,-2.7893357434772195e-06
186,AG,ie,4,5,1.8690717599429937e-05,1.245595997712971e-05
187,AG,safari,4,5,-1.6830297255575714e-05,2.858546706856329e-06
188,AH,chrome,4,5,-0.0002529111195211334,-1.7983193698454907e-05
189,AH,firefox,4,5,1.3545434907145102e-05,3.008941480251139e-05
190,AH,ie,4,5,-0.00011937286992893464,-9.869239188981171e-05
191,AH,safari,4,5,2.468679315741814e-05,3.973729171026621e-05
192,AI,chrome,4,5,-2.2590311778393103e-05,-1.2156277341326432e-05
193,AI,firefox,4,5,-1.9859053711698247e-05,-4.929750851175255e-06
194,AI,ie,4,5,-2.7911264920869283e-05,-1.8559171815497508e-05
195,AI,safari,4,5,-1.0309481664546495e-05,-1.5144860804281205e-06
196,AJ,chrome,4,5,-6.217560798804822e-05,9.482449065753768e-05
197,AJ,firefox,4,5,-1.7536144285073905e-05,1.893923347117962e-05
198,AJ,ie,4,5,-1.4712495105226266e-05,5.442690845263155e-05
199,AJ,safari,4,5,3.3684449329912956e-05,5.834266337374797e-07
200,AA,chrome,5,6,-8.152906525284798e-05,2.8842093952007567e-05
201,AA,firefox,5,6,-1.0705159042253398e-05,9.744895389671103e-05
202,AA,ie,5,6,-9.122462525475241e-05,4.286011964088189e-05
203,AA,safari,5,6,-5.2633546631444274e-06,1.3066100723492194e-05
204,AB,chrome,5,6,-8.80449114341628e-06,4.138659693520178e-05
205,AB,firefox,5,6,7.219322535541598e-06,1.0837028622251008e-05
206,AB,ie,5,6,3.0318442945136255e-05,5.378309924205919e-06
207,AB,safari,5,6,-1.3761830521761262e-05,-2.4648236247944985e-06
208,AC,chrome,5,6,-0.00021219755399917026,-0.00022268448586490355
209,AC,firefox,5,6,3.426127833761269e-05,-2.140961209971344e-05
210,AC,ie,5,6,3.5690676857398375e-05,5.271723344038173e-05
211,AC,safari,5,6,-1.2630929203305979e-05,-1.366379387392537e-05
212,AD,chrome,5,6,-8.023364078832496e-05,3.453569109413359e-06
213,AD,firefox,5,6,-1.0826005563611659e-05,-5.4292853907778784e-05
214,AD,ie,5,6,-4.214783783491268e-07,8.802719150493016e-05
215,AD,safari,5,6,-0.0001483788019763444,1.9654646628650387e-05
216,AE,chrome,5,6,-1.9390169705611637e-05,-0.00029295720776887453
217,AE,firefox,5,6,-3.949394398358943e-06,-4.352035209440478e-06
218,AE,ie,5,6,-6.536731002703454e-06,-4.006670323765997e-05
219,AE,safari,5,6,-9.465291941483475e-06,-7.1729964461049e-05
220,AF,chrome,5,6,2.031878321305401e-05,-1.4267574847290893e-06
221,AF,firefox,5,6,-1.5874002366886358e-05,-6.617037040095773e-06
222,AF,ie,5,6,-2.874880616628046e-05,2.6886839216309788e-06
223,AF,safari,5,6,-4.4558756072622966e-06,1.1504734774881884e-06
224,AG,chrome,5,6,-1.1954733187187056e-05,-2.2663899190791738e-05
225,AG,firefox,5,6,-6.221515555842787e-06,-1.7670147920655263e-05
226,AG,ie,5,6,-5.251682469674417e-05,-6.9623350728981975e-06
227,AG,safari,5,6,6.317331883937874e-06,-6.835644892515801e-06
228,AH,chrome,5,6,-0.00012729009701723548,1.8228942771121776e-05
229,AH,firefox,5,6,-6.907347705642695e-06,-0.00012707655800228397
230,AH,ie,5,6,4.37345119802159e-05,-3.3932702100243466e-06
231,AH,safari,5,6,-9.851963503007298e-05,-2.8644910672533872e-05
232,AI,chrome,5,6,-4.064253352150106e-05,-1.5373122715360365e-05
233,AI,firefox,5,6,-2.1853823256001743e-05,-1.39611849430499e-05
234,AI,ie,5,6,-7.35444129626943e-06,-5.052287448084898e-06
235,AI,safari,5,6,-7.001762434037037e-06,1.0384135556405018e-06
236,AJ,chrome,5,6,-4.3912839880714165e-06,8.771213266833139e-05
237,AJ,firefox,5,6,2.348551457841471e-06,4.8169356157596875e-06
238,AJ,ie,5,6,-2.748398578324296e-05,1.6389824624336648e-05
239,AJ,safari,5,6,-3.821012551611667e-05,3.550200977684704e-05
240,AA,chrome,6,7,-0.0002124190567276049,-0.0022827696955892056
241,AA,firefox,6,7,1.3692387420832513e-05,-0.0011994604029272363
242,AA,ie,6,7,-7.640559000508018e-05,-0.0013934961410241983
243,AA,safari,6,7,-1.3608688824262067e-05,-0.0004956577963570458
244,AB,chrome,6,7,-5.394431085040276e-05,-0.0002893340213970358
245,AB,firefox,6,7,-2.865538512825545e-05,-0.00010545215835272682
246,AB,ie,6,7,-2.4489860969254345e-05,-0.00016187634687632872
247,AB,safari,6,7,-1.982278363444797e-05,-5.79240945204341e-05
248,AC,chrome,6,7,-7.865582478819816e-05,0.041011845028438444
249,AC,firefox,6,7,-8.65967540033713e-06,0.008578172733557944
250,AC,ie,6,7,-5.0113892530239365e-05,0.015827177669769776
251,AC,safari,6,7,-0.00010126147569647859,0.01157053046390929
252,AD,chrome,6,7,-0.00020618584780891886,-0.0034650619866653286
253,AD,firefox,6,7,-1.2589602298490036e-05,-0.0010981905995553504
254,AD,ie,6,7,-2.05867537541097e-05,-0.001809630831854779
255,AD,safari,6,7,3.190771477710616e-05,-0.0008145207364922464
256,AE,chrome,6,7,-5.21110145989116e-05,-0.002675690201742358
257,AE,firefox,6,7,-1.16015794893922e-05,-0.0005109984884212272
258,AE,ie,6,7,-7.2407732782378825e-06,-0.0009774980524092942
259,AE,safari,6,7,-3.2221325413980134e-05,-0.000778424061620898
260,AF,chrome,6,7,-2.4289377250247575e-05,-0.00022565539345723108
261,AF,firefox,6,7,4.4737022610879005e-06,-0.00011368551472543193
262,AF,ie,6,7,1.9063103649552398e-05,-0.00013364421202959853
263,AF,safari,6,7,2.7449486645795456e-06,-4.5677593390898765e-05
264,AG,chrome,6,7,-3.1712204370609293e-05,-0.00018203475642584001
265,AG,firefox,6,7,7.337311725844321e-07,-6.988756281029264e-05
266,AG,ie,6,7,1.3736789215130331e-05,-9.900134196622698e-05
267,AG,safari,6,7,8.013216126830606e-07,-3.883854686010629e-05
268,AH,chrome,6,7,-4.615217741990311e-05,-0.004561784414133533
269,AH,firefox,6,7,-6.817663018419319e-05,-0.0012174819206329415
270,AH,ie,6,7,-0.00011040669094492326,-0.002080899809423475
271,AH,safari,6,7,-1.43825536608513e-05,-0.0010785181968374924
272,AI,chrome,6,7,-2.1029577798963414e-05,-0.00014546423624186495
273,AI,firefox,6,7,-1.5525966433482264e-05,-8.677237922658482e-05
274,AI,ie,6,7,-1.0991466353117658e-05,-9.698424656380196e-05
275,AI,safari,6,7,-5.138251557059913e-06,-3.141237042500875e-05
276,AJ,chrome,6,7,-2.151145272630707e-06,-0.0011138969320928173
277,AJ,firefox,6,7,-6.889637263983795e-06,-0.0002517132023763436
278,AJ,ie,6,7,2.9435953725107547e-05,-0.0005405652235737332
279,AJ,safari,6,7,8.129469383022545e-06,-0.0003089585183102878
280,AA,chrome,7,8,6.4535433871729e-05,4.688440012891015e-05
281,AA,firefox,7,8,-4.6075960247425704e-05,3.3954220499918373e-05
282,AA,ie,7,8,-3.865053363423066e-05,-1.3220473622661285e-06
283,AA,safari,7,8,-2.122221166621372e-05,2.4533742643217606e-05
284,AB,chrome,7,8,-1.1609292467811629e-05,1.7192439749393286e-05
285,AB,firefox,7,8,1.5373774405016766e-06,-1.0385208487627752e-05
286,AB,ie,7,8,3.2564837221005294e-06,7.275559223519183e-06
287,AB,safari,7,8,7.222366084980157e-06,7.710747305061631e-07
288,AC,chrome,7,8,-0.00025859061435487454,-0.00031357568139803567
289,AC,firefox,7,8,-2.098881811430799e-05,5.427539945712266e-06
290,AC,ie,7,8,-8.670295673698786e-05,-0.00013410916456944026
291,AC,safari,7,8,-8.23341345556347e-05,-3.8800938143438545e-05
292,AD,chrome,7,8,-6.7892591281128e-05,-3.5393645474675044e-05
293,AD,firefox,7,8,-1.8129781899860835e-05,6.871204441888612e-06
294,AD,ie,7,8,-7.397528940217404e-05,-1.7685875653116055e-05
295,AD,safari,7,8,-9.77340444881961e-05,4.73467814500425e-06
296,AE,chrome,7,8,-7.524798907002844e-05,-0.00012709785159154794
297,AE,firefox,7,8,-1.710456745908915e-06,-7.467605339120665e-05
298,AE,ie,7,8,1.4163706892043476e-05,-2.6051401232873066e-05
299,AE,safari,7,8,-7.08633493525122e-06,-1.6530376562785652e-05
300,AF,chrome,7,8,-1.633704961432881e-05,1.3296427939464883e-05
301,AF,firefox,7,8,-1.099831042680765e-05,1.1255451604947817e-05
302,AF,ie,7,8,-1.705878431747592e-05,1.6138134113534823e-05
303,AF,safari,7,8,7.4528284952549685e-06,3.03339070418529e-06
304,AG,chrome,7,8,2.1704610101399323e-05,-1.0775707762674712e-05
305,AG,firefox,7,8,-2.5785775492756943e-05,-3.0956966381245847e-06
306,AG,ie,7,8,3.256986666535743e-06,-2.8245481456360848e-05
307,AG,safari,7,8,-1.294231246233459e-05,-4.534196696659362e-06
308,AH,chrome,7,8,-6.525531871122402e-05,2.9823778766324237e-05
309,AH,firefox,7,8,1.0211277952056315e-05,-2.2149358466999662e-05
310,AH,ie,7,8,-3.886106738728351e-05,5.4909105056582085e-05
311,AH,safari,7,8,6.281469097909614e-05,1.8420541117152744e-05
312,AI,chrome,7,8,-2.1174418534118523e-05,-1.0212815386986263e-05
313,AI,firefox,7,8,1.4054662970101075e-05,-2.2487679253153194e-06
314,AI,ie,7,8,-2.5499709281804626e-05,-2.2562990984538995e-07
315,AI,safari,7,8,-8.238508825438919e-06,-1.0217534576608046e-06
316,AJ,chrome,7,8,-4.0256085831641886e-05,-1.2415593703551756e-06
317,AJ,firefox,7,8,1.1262451422628614e-05,5.944662562888884e-06
318,AJ,ie,7,8,-6.93039266088031e-07,2.870721940242916e-05
319,AJ,safari,7,8,-2.210192419276312e-05,2.5514812993033158e-05
320,AA,chrome,8,9,-0.00019807760939586234,4.6844130077095045e-05
321,AA,firefox,8,9,-6.27000489393194e-05,2.720685784704395e-05
322,AA,ie,8,9,-5.552751207391922e-05,6.089329521575174e-05
323,AA,safari,8,9,5.228769902128302e-07,-1.1298857069497719e-05
324,AB,chrome,8,9,-1.0956113451557181e-05,1.0187960744419422e-05
325,AB,firefox,8,9,-8.244235507858674e-06,5.536238811080313e-06
326,AB,ie,8,9,-3.1992890292934685e-05,8.318984944580057e-06
327,AB,safari,8,9,-2.796729984934084e-06,2.860200500684725e-06
328,AC,chrome,8,9,-9.559463800876697e-05,-0.000306643763292279
329,AC,firefox,8,9,-1.6694058867953572e-05,-9.496231351494085e-05
330,AC,ie,8,9,-4.1905252106374906e-05,-0.00012049732816636243
331,AC,safari,8,9,-7.6681320846014e-05,-0.00013847171938652622
332,AD,chrome,8,9,-0.00018462676966373597,5.896170539764593e-05
333,AD,firefox,8,9,-9.249920922519569e-06,2.6517533687949074e-06
334,AD,ie,8,9,-7.44435311786131e-05,6.225875984446732e-05
335,AD,safari,8,9,-9.692567559547313e-06,2.6627464367660967e-05
336,AE,chrome,8,9,-9.626486216479617e-06,-1.346187626124178e-05
337,AE,firefox,8,9,-1.581813169520788e-06,-2.3479523478714203e-05
338,AE,ie,8,9,-1.2684155171318809e-05,-7.078313448541567e-05
339,AE,safari,8,9,-2.8398560485103957e-06,-8.389862016653387e-05
340,AF,chrome,8,9,-4.962820491072064e-06,2.6693666095307564e-07
341,AF,firefox,8,9,-1.5043760031503806e-06,8.047892374925218e-06
342,AF,ie,8,9,1.2136352894031673e-05,1.1785464555494042e-05
343,AF,safari,8,9,-1.8286188439120964e-05,-1.5298112330016364e-06
344,AG,chrome,8,9,-9.228790825668437e-06,-8.713661439840402e-06
345,AG,firefox,8,9,2.6711101667574918e-05,2.404669942319516e-07
346,AG,ie,8,9,-1.1074168791513123e-05,-1.0411103834667502e-06
347,AG,safari,8,9,-3.7446656377269077e-06,-2.6075872250795745e-06
348,AH,chrome,8,9,-7.678975208867014e-05,8.692717201810011e-05
349,AH,firefox,8,9,1.1499617805299862e-05,-4.924720131729119e-05
350,AH,ie,8,9,1.0141738088143855e-05,-2.2352573452518986e-05
351,AH,safari,8,9,-5.0781335615997e-05,-3.1817634165877455e-05
352,AI,chrome,8,9,-3.171933264980289e-05,-6.869497735443267e-06
353,AI,firefox,8,9,-1.9006942401612717e-05,-1.1447055112116507e-06
354,AI,ie,8,9,-1.026981459952415e-05,-3.6642562793310956e-06
355,AI,safari,8,9,9.589401906432e-07,-4.168799808057494e-06
356,AJ,chrome,8,9,-4.019658341149947e-07,7.806237305065925e-05
357,AJ,firefox,8,9,-2.4159180932433715e-05,1.52921689873773e-05
358,AJ,ie,8,9,-5.388456386815823e-05,5.00230738386628e-05
359,AJ,safari,8,9,6.236347895427247e-06,2.0288821352838817e-05
360,AA,chrome,9,10,-4.2323168957125717e-05,4.599666468726614e-05
361,AA,firefox,9,10,-6.942293115018795e-05,-6.667762523824254e-07
362,AA,ie,9,10,-6.248931834681383e-05,4.4583443808822534e-05
363,AA,safari,9,10,-4.9267310035014115e-05,1.6723097024435106e-05
364,AB,chrome,9,10,-2.8705396904885462e-06,2.34052658452442e-06
365,AB,firefox,9,10,-5.54153058042343e-06,3.2363010055879116e-06
366,AB,ie,9,10,1.0105093222356582e-05,-2.192913998112233e-06
367,AB,safari,9,10,-6.415775388542532e-06,5.641823616605813e-06
368,AC,chrome,9,10,-0.00033401104264974284,-0.00041183538187565517
369,AC,firefox,9,10,-4.665271495728028e-06,-0.0001318067556966645
370,AC,ie,9,10,-2.3727916630471055e-05,-1.9677320327452248e-05
371,AC,safari,9,10,-2.0518101933641103e-05,-6.0729458922558606e-05
372,AD,chrome,9,10,-0.00012743207295413527,4.963920462523222e-05
373,AD,firefox,9,10,-2.037169568295558e-05,2.7222252444258734e-06
374,AD,ie,9,10,-6.389987700380242e-05,1.169008138291074e-06
375,AD,safari,9,10,-3.355844347046203e-05,-1.69010028464859e-05
376,AE,chrome,9,10,-1.6687423386448718e-05,-0.00013586863571648353
377,AE,firefox,9,10,6.82368082026247e-06,-4.0305629054200685e-05
378,AE,ie,9,10,-1.3798541282907733e-05,-0.00011306312140399047
379,AE,safari,9,10,-3.3311653553464057e-06,-3.346036406197184e-05
380,AF,chrome,9,10,9.258335200937256e-07,1.6674503950736678e-05
381,AF,firefox,9,10,5.311498624070624e-06,-2.218519273395517e-06
382,AF,ie,9,10,-2.269897725775431e-05,-4.293302425492721e-06
383,AF,safari,9,10,6.185852172692574e-06,4.57923362673019e-06
384,AG,chrome,9,10,-1.0850022480467416e-05,-2.3715099069725665e-05
385,AG,firefox,9,10,-1.7045371958216655e-05,-1.5383643316940624e-05
386,AG,ie,9,10,-1.5240331832838313e-05,-8.443986378180716e-06
387,AG,safari,9,10,9.338461749886966e-06,-2.455259043349801e-06
388,AH,chrome,9,10,-0.00011954985128326819,1.8623788255072595e-05
389,AH,firefox,9,10,-1.1885884265790847e-05,7.004884154211425e-05
390,AH,ie,9,10,1.2075448230411728e-05,-1.7719263252747805e-05
391,AH,safari,9,10,-3.5238569890129164e-05,6.228303961363723e-05
392,AI,chrome,9,10,-1.4168222052455354e-05,-7.5125194621659525e-06
393,AI,firefox,9,10,-2.4906334701456043e-05,-5.682196196625935e-06
394,AI,ie,9,10,-1.3019311696448749e-05,-6.835167189864301e-06
395,AI,safari,9,10,-2.2042013866795167e-06,1.2153996109921366e-07
396,AJ,chrome,9,10,-3.7696615922185715e-06,7.552259970317395e-05
397,AJ,firefox,9,10,1.3071016034153574e-05,2.1677519594297153e-05
398,AJ,ie,9,10,-2.3936678771073185e-06,-7.908794359385081e-06
399,AJ,safari,9,10,-3.1932251011242645e-06,2.0690611640145795e-05
400,AA,chrome,10,11,-0.00016717779606819386,4.910235386182838e-05
401,AA,firefox,10,11,-8.221675219359621e-05,3.082761171652254e-05
402,AA,ie,10,11,5.567932529232777e-06,3.0506632696586155e-05
403,AA,safari,10,11,5.2900432474394365e-06,1.3700997353032689e-05
404,AB,chrome,10,11,-1.9469700131577706e-05,5.477932900329036e-06
405,AB,firefox,10,11,2.116073666469508e-06,9.925854632865564e-06
406,AB,ie,10,11,-1.692111980630837e-05,6.955373899115713e-06
407,AB,safari,10,11,-5.986953291348862e-06,-8.548866385071537e-07
408,AC,chrome,10,11,-0.00011688063088121015,-0.00025166582381155937
409,AC,firefox,10,11,-2.5167686618188763e-05,-6.978395172977996e-06
410,AC,ie,10,11,-0.00010283821180669076,-0.0001534210978226215
411,AC,safari,10,11,-9.218968312918695e-05,-6.791124786731727e-05
412,AD,chrome,10,11,-0.0001996862112274058,3.033868744085994e-05
413,AD,firefox,10,11,-2.123270093399654e-05,-4.960332206948399e-05
414,AD,ie,10,11,-1.7229896948239454e-05,1.848558788272513e-05
415,AD,safari,10,11,-9.35027574026058e-06,1.9669124820218276e-05
416,AE,chrome,10,11,-4.320988391438544e-05,-0.0002485693700653463
417,AE,firefox,10,11,-8.59684947112685e-06,-2.9802374221037407e-06
418,AE,ie,10,11,-8.326128000104247e-06,-2.067978278753284e-05
419,AE,safari,10,11,-4.341809991751275e-05,-7.976474442021695e-05
420,AF,chrome,10,11,-1.707866434671673e-06,9.212554356967101e-07
421,AF,firefox,10,11,-9.785710623739212e-06,6.776350755870769e-06
422,AF,ie,10,11,5.069908457212519e-06,-1.2798793439643952e-06
423,AF,safari,10,11,3.0932987362328817e-06,-1.0762172122297278e-06
424,AG,chrome,10,11,-7.730047749562304e-06,-2.1473046742685232e-05
425,AG,firefox,10,11,-6.941814455861988e-06,-5.389042828275436e-06
426,AG,ie,10,11,3.1785532474962966e-07,-8.39588064858606e-06
427,AG,safari,10,11,-7.070962712475328e-06,-2.4725568793781102e-06
428,AH,chrome,10,11,-5.539337996351049e-05,5.172090309058211e-05
429,AH,firefox,10,11,-8.733795887546198e-06,-1.773869039336032e-05
430,AH,ie,10,11,-6.607096709356975e-05,0.00010745164246388938
431,AH,safari,10,11,-6.346456685083476e-05,-8.379536687770586e-07
432,AI,chrome,10,11,-2.2520196559802232e-05,-9.126076688337249e-06
433,AI,firefox,10,11,-1.2741860532659064e-05,-4.787481237468093e-06
434,AI,ie,10,11,-9.940212977898177e-06,-7.971765913392832e-06
435,AI,safari,10,11,-1.293312772480717e-05,-7.786331575704965e-07
436,AJ,chrome,10,11,-5.710966115452203e-05,6.516910508476496e-05
437,AJ,firefox,10,11,-1.3291514667337899e-05,3.6460301834850947e-06
438,AJ,ie,10,11,1.5785566843542257e-05,7.259929619575415e-05
439,AJ,safari,10,11,-4.115642814952834e-06,2.4534124781533695e-06
440,AA,chrome,11,12,-4.1259920356187027e-05,4.9779372186263334e-05
441,AA,firefox,11,12,3.088613095718108e-05,1.986229548506552e-05
442,AA,ie,11,12,-5.861993636942998e-05,-1.1298680114858563e-05
443,AA,safari,11,12,-7.083859417537753e-05,2.4009627856428446e-06
444,AB,chrome,11,12,-2.647063261581081e-05,1.1809142360237768e-05
445,AB,firefox,11,12,-1.6057983790398032e-05,2.764237021491923e-06
446,AB,ie,11,12,-5.5335590035480594e-06,6.853262622035051e-06
447,AB,safari,11,12,3.617740350255593e-06,-1.995172222678389e-06
448,AC,chrome,11,12,-0.00021977839250917274,-0.0001067625132882403
449,AC,firefox,11,12,-3.895626556675276e-05,-1.768353730740725e-05
450,AC,ie,11,12,1.6051003342456783e-05,-0.00014665080987551278
451,AC,safari,11,12,-8.622315063526784e-05,-7.313466362127282e-05
452,AD,chrome,11,12,-6.9478550657365e-05,7.160341332380786e-05
453,AD,firefox,11,12,-2.901652490033138e-05,4.478047276999017e-05
454,AD,ie,11,12,-3.3269853875254014e-05,1.9874614787095472e-05
455,AD,safari,11,12,-3.375149095251361e-05,4.328389308324066e-06
456,AE,chrome,11,12,-5.920811408720085e-05,-0.00023195595465772085
457,AE,firefox,11,12,-7.066242149790973e-06,-1.3195325186780437e-05
458,AE,ie,11,12,-6.315690082967493e-06,-5.7242041628690693e-05
459,AE,safari,11,12,-1.1471574533085692e-05,-1.1092344006265338e-05
460,AF,chrome,11,12,-2.553802059470172e-05,1.1543431906465951e-05
461,AF,firefox,11,12,-1.253994037213077e-05,3.0402722012601172e-06
462,AF,ie,11,12,-7.536629924738633e-07,2.5432092540320225e-06
463,AF,safari,11,12,-1.0914490832199643e-05,4.124592519465229e-06
464,AG,chrome,11,12,1.354944364694091e-05,-8.524784316501333e-06
465,AG,firefox,11,12,-5.814809541749884e-06,-7.642383561485115e-06
466,AG,ie,11,12,-5.811346336711246e-06,-4.95613725422535e-06
467,AG,safari,11,12,2.2464368962298557e-06,-3.3586056749826535e-06
468,AH,chrome,11,12,-6.80118506155288e-05,-1.7896960282690882e-05
469,AH,firefox,11,12,-2.7596899792274816e-05,7.717600410452586e-05
470,AH,ie,11,12,2.1252612295604504e-05,2.7069053724335952e-05
471,AH,safari,11,12,-1.7288756042226126e-05,-3.0100121221678823e-05
472,AI,chrome,11,12,-1.1950129158886934e-05,-6.48152252900197e-06
473,AI,firefox,11,12,-1.5268461363851982e-05,-5.1124844974181985e-06
474,AI,ie,11,12,-2.4429374046417442e-05,-4.1870202197926006e-06
475,AI,safari,11,12,-7.860576642689262e-06,-2.957442442734175e-06
476,AJ,chrome,11,12,-3.1119381144580494e-05,6.759115781569576e-05
477,AJ,firefox,11,12,-7.5758705257856284e-06,2.036811466072235e-05
478,AJ,ie,11,12,-8.742438819744133e-06,7.859460878131944e-06
479,AJ,safari,11,12,1.671754505672101e-05,2.2748997465960902e-05
480,AA,chrome,12,13,-0.00016312592316601303,3.956149233667341e-05
481,AA,firefox,12,13,-4.144955643576357e-05,4.073188311031568e-05
482,AA,ie,12,13,-6.351326442048251e-05,6.29640708231259e-05
483,AA,safari,12,13,-2.3031257272420155e-05,2.088198702355545e-05
484,AB,chrome,12,13,-4.456133521235827e-06,2.9791930777353038e-06
485,AB,firefox,12,13,6.414494044289161e-06,5.0695317357033295e-06
486,AB,ie,12,13,-1.135924614528155e-05,7.206440800013254e-06
487,AB,safari,12,13,-1.545357460477995e-05,2.832818599632666e-06
488,AC,chrome,12,13,-0.00012425837720424421,-0.0002619161695904774
489,AC,firefox,12,13,2.249679080553531e-05,-9.241610451080525e-05
490,AC,ie,12,13,-7.567182778091543e-05,-0.0001342145179370739
491,AC,safari,12,13,-0.00015390266826918332,-0.00010421715256320634
492,AD,chrome,12,13,-0.00022761899037510353,-4.4293831880875645e-05
493,AD,firefox,12,13,-2.489200953346684e-05,1.2724618855139995e-05
494,AD,ie,12,13,-6.768968727099263e-05,6.431561284925007e-06
495,AD,safari,12,13,-6.803660702877437e-05,-7.357854826810491e-06
496,AE,chrome,12,13,2.5971290938528555e-06,-8.995800931619283e-05
497,AE,firefox,12,13,-7.017780049414303e-07,-6.062099198921136e-05
498,AE,ie,12,13,-8.063066790527057e-06,-0.00010992552355558836
499,AE,safari,12,13,-9.847039586259491e-06,-4.231628942291513e-05
500,AF,chrome,12,13,1.651093025759096e-05,1.2998043223728497e-05
501,AF,firefox,12,13,1.3207224547952278e-05,-6.459639719460311e-06
502,AF,ie,12,13,-1.0913946169164643e-05,3.199382292800527e-06
503,AF,safari,12,13,4.7031331419210295e-06,-7.650401217352001e-07
504,AG,chrome,12,13,-3.18835919998839e-05,-1.3217760334303133e-05
505,AG,firefox,12,13,3.020694446782238e-06,-1.3717641202760497e-06
506,AG,ie,12,13,-1.5657656393714264e-05,-1.0553349122443749e-05
507,AG,safari,12,13,-2.1469528972867864e-06,-2.3206145544256763e-06
508,AH,chrome,12,13,-2.33810316239337e-05,9.146046343102365e-05
509,AH,firefox,12,13,4.810048665399046e-07,-6.627402807343138e-05
510,AH,ie,12,13,-7.315902782670488e-05,-1.1656098551120689e-05
511,AH,safari,12,13,-5.0011379546451e-05,1.2985258129785987e-05
512,AI,chrome,12,13,-3.849982353778334e-05,-6.386185371434883e-06
513,AI,firefox,12,13,-1.189231430936277e-05,-1.0503192863093049e-05
514,AI,ie,12,13,-1.6743754357323012e-05,-7.048801009430493e-07
515,AI,safari,12,13,-1.7495818838130597e-06,-7.154369189995075e-07
516,AJ,chrome,12,13,1.1012593114149651e-05,4.510442878574652e-05
517,AJ,firefox,12,13,1.1475765586801404e-05,3.834978797906467e-05
518,AJ,ie,12,13,-1.1005138879633742e-05,3.157675721918513e-05
519,AJ,safari,12,13,-8.759687539611373e-06,2.145418171478773e-05
520,AA,chrome,13,14,-3.982022994877994e-05,6.468073821429949e-05
521,AA,firefox,13,14,-6.0679054585357847e-05,1.2003886093917611e-05
522,AA,ie,13,14,-8.613744832236765e-05,1.5039699672557084e-05
523,AA,safari,13,14,2.487301125987295e-05,2.0958033415592087e-06
524,AB,chrome,13,14,-1.1509819987657716e-05,4.11899285975701e-06
525,AB,firefox,13,14,-3.177959155428891e-06,-1.5282365095226827e-06
526,AB,ie,13,14,6.8162755809122945e-06,3.7944739472629744e-06
527,AB,safari,13,14,-1.9555226829100163e-06,4.378734866818065e-06
528,AC,chrome,13,14,-0.00021156193587096238,-0.0002824391977626306
529,AC,firefox,13,14,-3.374627272933226e-05,-9.092989900292306e-05
530,AC,ie,13,14,-1.639780622136326e-05,-3.7054743642371776e-05
531,AC,safari,13,14,-2.9494445615500187e-05,-5.072447916482709e-05
532,AD,chrome,13,14,-7.419172900823942e-05,5.3038506936341655e-05
533,AD,firefox,13,14,-3.3131012816992874e-05,1.6931307114730315e-05
534,AD,ie,13,14,-9.716157715978654e-05,2.796655492374377e-05
535,AD,safari,13,14,-3.260929893641252e-05,1.037622560792636e-05
536,AE,chrome,13,14,-2.6658124890543197e-05,-0.00014343825089804254
537,AE,firefox,13,14,-1.5003387347371537e-06,-1.0815110025888261e-05
538,AE,ie,13,14,-9.575852204807503e-06,1.5959049611201436e-05
539,AE,safari,13,14,-9.204941688963075e-06,-4.445406614125764e-05
540,AF,chrome,13,14,-9.348123833342658e-06,-4.14537856884937e-06
541,AF,firefox,13,14,-1.806826108660132e-05,1.6992643523328588e-05
542,AF,ie,13,14,-1.1751415184453345e-05,8.502229954590684e-06
543,AF,safari,13,14,-5.260028772430698e-06,1.8084409313464685e-09
544,AG,chrome,13,14,-1.962771750700235e-05,-1.8377359489008264e-05
545,AG,firefox,13,14,7.196980725361544e-06,-1.1473791236663512e-05
546,AG,ie,13,14,7.452157038376464e-06,-6.92419366431981e-06
547,AG,safari,13,14,-9.732847336778866e-06,-4.953085190522068e-06
548,AH,chrome,13,14,-0.00017941895749323084,-6.428352039765478e-06
549,AH,firefox,13,14,6.760214357966675e-06,3.842994537379679e-05
550,AH,ie,13,14,3.083747791047101e-05,6.733175866244569e-07
551,AH,safari,13,14,2.4978162184787475e-06,3.190193059796884e-05
552,AI,chrome,13,14,-1.697142935509665e-05,-1.0380619137047151e-05
553,AI,firefox,13,14,-1.1670382446825457e-05,-1.8754710421129835e-06
554,AI,ie,13,14,-1.1739867457067075e-05,-7.343260671654113e-06
555,AI,safari,13,14,-6.07906771451789e-06,-2.3819184406009533e-06
556,AJ,chrome,13,14,9.684592568527054e-06,8.804450403784584e-05
557,AJ,firefox,13,14,-5.2452436482628175e-06,-3.0273488616271792e-05
558,AJ,ie,13,14,-6.787812527496029e-06,3.2473328662977414e-05
559,AJ,safari,13,14,-2.7901949924793007e-05,1.3679864366628786e-05
560,AA,chrome,14,15,-0.00012312192133084396,4.963690212474051e-05
561,AA,firefox,14,15,-1.8231417504961706e-05,5.857834111917021e-05
562,AA,ie,14,15,-5.7098929811170896e-05,6.112484281299766e-06
563,AA,safari,14,15,-4.605561787871972e-05,1.4711770666936533e-05
564,AB,chrome,14,15,-2.216850135796022e-05,2.438100033242211e-05
565,AB,firefox,14,15,-8.078093837935907e-06,6.931367503966526e-06
566,AB,ie,14,15,-2.970792931513721e-05,1.031635326944568e-05
567,AB,safari,14,15,-3.1978756183245426e-06,1.7250121305915023e-06
568,AC,chrome,14,15,-0.00023299350080197505,-0.0004644612578737594
569,AC,firefox,14,15,3.097351797451221e-06,4.7792181249433836e-05
570,AC,ie,14,15,-5.623923441332102e-05,-0.0001517329684581974
571,AC,safari,14,15,-9.610585064986354e-05,-7.399747966739718e-05
572,AD,chrome,14,15,-0.00011422456096810433,5.680522267923458e-05
573,AD,firefox,14,15,-3.304569213731302e-05,1.4150826569965247e-06
574,AD,ie,14,15,-3.0474214094492453e-05,-4.407273731353624e-05
575,AD,safari,14,15,-2.1852167265567614e-05,1.3008794634570113e-05
576,AE,chrome,14,15,-4.691967542849036e-05,-0.00016337396137415804
577,AE,firefox,14,15,3.4101861988512843e-06,-5.1795676240192276e-05
578,AE,ie,14,15,6.209990033691378e-06,-7.243828429520341e-05
579,AE,safari,14,15,-4.4359630560140445e-05,-4.4628419685793456e-05
580,AF,chrome,14,15,-5.6383062917464165e-05,1.2787337943148596e-05
581,AF,firefox,14,15,-1.0034509009993618e-05,6.426093389150912e-06
582,AF,ie,14,15,5.309024929935358e-06,7.091747563580482e-07
583,AF,safari,14,15,-4.920580470695985e-06,2.3839626366840167e-06
584,AG,chrome,14,15,9.875825650725223e-06,-1.1855995055209891e-05
585,AG,firefox,14,15,-1.5140577883765358e-05,-9.790470175638782e-06
586,AG,ie,14,15,-1.2280338453449558e-05,-1.2349613963593565e-05
587,AG,safari,14,15,-2.8889323344072286e-06,-6.880344701864614e-07
588,AH,chrome,14,15,-8.542107188914035e-05,3.971790370238964e-05
589,AH,firefox,14,15,-8.533696972027463e-06,4.311285557288567e-05
590,AH,ie,14,15,-4.810654819417862e-07,-2.584535021767203e-05
591,AH,safari,14,15,-2.4051335789433118e-05,-1.6860030218760553e-05
592,AI,chrome,14,15,-2.054990513389463e-05,-4.0184036459365964e-06
593,AI,firefox,14,15,-8.670305337564868e-06,-3.100532568007135e-06
594,AI,ie,14,15,-1.6234874394052163e-05,-4.71489829916618e-06
595,AI,safari,14,15,-2.568811654307629e-06,-9.847399770442536e-07
596,AJ,chrome,14,15,-3.7138252007606795e-05,5.484503303151283e-05
597,AJ,firefox,14,15,-8.795748746816567e-06,2.897115523089138e-05
598,AJ,ie,14,15,-2.291317410018343e-06,2.4105747011717156e-05
599,AJ,safari,14,15,-8.745672856951202e-06,5.535863897986856e-06
600,AA,chrome,15,16,-0.00011596126982297298,2.092123832723868e-05
601,AA,firefox,15,16,-4.0733788054239945e-05,1.3851360981676642e-05
602,AA,ie,15,16,-3.4679334986464265e-05,5.431772172339658e-05
603,AA,safari,15,16,-3.858485367857102e-06,9.864501692529761e-06
604,AB,chrome,15,16,-2.0826159088049094e-05,6.126077975209409e-06
605,AB,firefox,15,16,-3.86096128505483e-06,6.959437769317849e-06
606,AB,ie,15,16,1.1375236591249478e-05,-3.484338668678541e-06
607,AB,safari,15,16,-3.759576944093524e-06,2.275354843543745e-06
608,AC,chrome,15,16,-0.0001990848027664428,-0.0002355335728082926
609,AC,firefox,15,16,-2.0956352223666243e-05,-0.00010705611166607066
610,AC,ie,15,16,-9.066620413032481e-06,-5.233523879850676e-05
611,AC,safari,15,16,-4.7062289291372864e-05,-7.729045602552432e-05
612,AD,chrome,15,16,-0.00017970576498446193,5.002938842495369e-06
613,AD,firefox,15,16,-2.2206442066687834e-06,2.8728586415969993e-05
614,AD,ie,15,16,-7.194310301666937e-05,1.7554927057241695e-05
615,AD,safari,15,16,-4.6198144537271726e-05,-4.684039730011058e-06
616,AE,chrome,15,16,-5.030034541625886e-05,-0.00012200775227429471
617,AE,firefox,15,16,-4.417097172802262e-06,-3.5543376155972855e-06
618,AE,ie,15,16,-1.950368427127555e-05,-6.0090884426649134e-05
619,AE,safari,15,16,1.7035848290367074e-05,-3.0333242086788315e-05
620,AF,chrome,15,16,2.289124194050974e-05,-1.9121333458782135e-06
621,AF,firefox,15,16,1.013311100358075e-05,-3.901058263385031e-06
622,AF,ie,15,16,9.342389693530359e-06,1.5999904203775127e-05
623,AF,safari,15,16,2.362757727950276e-06,3.020801225966275e-08
624,AG,chrome,15,16,-1.0396931508477805e-05,-1.7811526704262835e-05
625,AG,firefox,15,16,1.9863421441602776e-06,-5.6525763866963115e-06
626,AG,ie,15,16,4.563330469774234e-06,-1.0791169868493299e-05
627,AG,safari,15,16,7.516114140882718e-06,-2.437361588845467e-06
628,AH,chrome,15,16,-1.0395200670416803e-05,3.778943095244702e-05
629,AH,firefox,15,16,-1.1496232803727669e-05,-5.7423891294088416e-05
630,AH,ie,15,16,-6.436166997667494e-05,9.371372710207144e-05
631,AH,safari,15,16,-4.247508395429122e-05,3.7163272950251285e-05
632,AI,chrome,15,16,-2.8034303565455586e-05,-6.504979837261857e-06
633,AI,firefox,15,16,-1.84744816643266e-05,-2.8397325536598704e-06
634,AI,ie,15,16,-5.948334316053865e-06,-4.336541968169874e-06
635,AI,safari,15,16,-2.14060037822027e-06,-9.946427195241967e-07
636,AJ,chrome,15,16,-9.439941721158272e-06,4.244669808525415e-05
637,AJ,firefox,15,16,6.720923635076418e-06,2.0341988454477374e-05
638,AJ,ie,15,16,2.1252880008346437e-06,2.4319155133127148e-05
639,AJ,safari,15,16,-2.264084116034361e-06,3.5077065174416783e-05
640,AA,chrome,16,17,-8.875387433438757e-05,6.455329823143634e-05
641,AA,firefox,16,17,-6.911299743810936e-05,2.504432877693964e-05
642,AA,ie,16,17,-6.656182584705921e-05,1.7207164360214227e-05
643,AA,safari,16,17,-4.2169592605309614e-05,4.366535228301127e-06
644,AB,chrome,16,17,-9.894033061435256e-06,-3.166035141174122e-06
645,AB,firefox,16,17,-8.486099975566859e-06,2.4675516598173334e-06
646,AB,ie,16,17,-2.1729882332380784e-05,3.1580613332365027e-06
647,AB,safari,16,17,5.684439492602749e-06,1.6913044652086844e-06
648,AC,chrome,16,17,-0.00016465522638322018,-0.0003096923834170149
649,AC,firefox,16,17,-1.747866345217202e-05,-8.914707020164471e-05
650,AC,ie,16,17,-7.032435852908007e-05,-0.00014584827858374195
651,AC,safari,16,17,-9.602960099133077e-05,-5.95222435542744e-05
652,AD,chrome,16,17,-6.902266241805052e-05,1.4533139479975888e-05
653,AD,firefox,16,17,-5.1344679476369885e-05,-3.083901971677462e-06
654,AD,ie,16,17,-3.963439082449521e-05,6.40023154501779e-05
655,AD,safari,16,17,-4.483941257448037e-05,1.7198244318369657e-05
656,AE,chrome,16,17,-2.876100650048207e-05,-0.00019013015437122319
657,AE,firefox,16,17,-4.683450981266302e-06,-4.638885687579206e-05
658,AE,ie,16,17,2.347729414923704e-06,-5.984320441301614e-05
659,AE,safari,16,17,-1.336134245452594e-05,-5.808627727971359e-05
660,AF,chrome,16,17,-6.326561566353721e-06,1.8496817269025794e-05
661,AF,firefox,16,17,-3.1691769767796612e-06,-1.2430120030959454e-06
662,AF,ie,16,17,-1.184473817486746e-05,-9.255072522825075e-06
663,AF,safari,16,17,4.314570546385898e-06,5.659256156583464e-06
664,AG,chrome,16,17,-1.988221290551549e-05,-7.89373624655142e-06
665,AG,firefox,16,17,-8.456866526768023e-07,-2.6522992104214238e-06
666,AG,ie,16,17,-1.083611469892505e-05,-1.5466788841435653e-06
667,AG,safari,16,17,-3.810054454675625e-06,-6.468274112591463e-06
668,AH,chrome,16,17,-0.0002089305973074314,5.156822803125086e-05
669,AH,firefox,16,17,-4.1815434074550235e-05,3.5067529403493376e-05
670,AH,ie,16,17,-4.091081869868746e-05,6.262796475574542e-06
671,AH,safari,16,17,2.587715940527238e-05,-9.911856220451236e-06
672,AI,chrome,16,17,-1.0557765818179488e-05,-9.315305267319513e-06
673,AI,firefox,16,17,-1.2237517809203064e-05,-1.3541429221715457e-06
674,AI,ie,16,17,-2.6865782235658342e-05,-2.7299948261540564e-06
675,AI,safari,16,17,-9.900677358721967e-06,-1.3788558657227621e-06
676,AJ,chrome,16,17,-7.148257862529692e-05,8.937675101298872e-05
677,AJ,firefox,16,17,-1.9844837945712446e-05,1.2319968578307367e-05
678,AJ,ie,16,17,-1.349808597343095e-05,5.625657184816383e-05
679,AJ,safari,16,17,-2.738077630480342e-06,8.136467575951657e-06
680,AA,chrome,17,18,-9.842591147931292e-05,3.708797594242009e-05
681,AA,firefox,17,18,-6.4063526822313e-06,-8.769079224493792e-06
682,AA,ie,17,18,-3.67587256583214e-05,4.4468077829190936e-05
683,AA,safari,17,18,-1.4893309801316915e-05,1.6101565883409807e-05
684,AB,chrome,17,18,-1.6611344018558914e-05,1.1800485851381456e-05
685,AB,firefox,17,18,7.653679773396526e-06,-1.4654534335854827e-06
686,AB,ie,17,18,-5.885539913859049e-06,6.477872038838409e-06
687,AB,safari,17,18,-5.253030210878111e-06,3.923658363119286e-06
688,AC,chrome,17,18,-0.00012990653911941968,-0.0001717177442148901
689,AC,firefox,17,18,-1.2104265653065934e-05,-2.167727640506305e-05
690,AC,ie,17,18,-6.821141837066548e-05,-0.00012425270159946496
691,AC,safari,17,18,-5.604404760090961e-05,-9.393202743085778e-05
692,AD,chrome,17,18,-0.00017255303912599933,6.23819856257544e-05
693,AD,firefox,17,18,-4.1770933261698304e-05,2.030712530665851e-05
694,AD,ie,17,18,-5.495013757814289e-05,-4.474806068211414e-05
695,AD,safari,17,18,-2.099285720839769e-05,-4.693166631127131e-06
696,AE,chrome,17,18,-2.2645498714481317e-05,-0.00010769796833908591
697,AE,firefox,17,18,5.170206727863981e-06,-4.217439574969668e-05
698,AE,ie,17,18,-1.7785000458553595e-05,-3.714029092332206e-05
699,AE,safari,17,18,-1.987593350904119e-05,-3.842721434339324e-05
700,AF,chrome,17,18,-2.7972222993298972e-05,-3.9136814866316327e-07
701,AF,firefox,17,18,4.4667979614095615e-06,9.867332502077243e-06
702,AF,ie,17,18,2.3139833956661548e-06,4.191089564676783e-06
703,AF,safari,17,18,-1.0332257881505775e-05,-6.107700355027665e-07
704,AG,chrome,17,18,2.723880217411334e-06,-2.312376378172851e-05
705,AG,firefox,17,18,-3.4881442105631822e-06,-6.704580864742356e-06
706,AG,ie,17,18,-8.857321551724474e-08,-1.16768147349306e-05
707,AG,safari,17,18,-4.895531146060499e-06,-3.2962186444589756e-06
708,AH,chrome,17,18,9.008262616307932e-05,2.2243965890377595e-05
709,AH,firefox,17,18,1.746079717907712e-05,6.777005987670206e-05
710,AH,ie,17,18,-4.941269077915013e-05,-1.8653374999667084e-05
711,AH,safari,17,18,-5.267467203039677e-06,1.2222026808366488e-05
712,AI,chrome,17,18,-2.481771638583585e-05,-3.0501829790560497e-06
713,AI,firefox,17,18,-1.7919141832631183e-05,-8.822239656955274e-06
714,AI,ie,17,18,-1.1393520923565762e-05,-3.4294314371818823e-06
715,AI,safari,17,18,-3.080389230961877e-06,-1.5992986947600437e-06
716,AJ,chrome,17,18,4.4786340291380955e-06,3.0793014223420864e-05
717,AJ,firefox,17,18,1.4008039676341145e-05,6.1819833715683415e-06
718,AJ,ie,17,18,-1.432370079211556e-05,1.0994461249929226e-05
719,AJ,safari,17,18,-1.059141291722801e-05,1.0130192285920128e-05
720,AA,chrome,18,19,-9.968548623633789e-05,4.646687150901205e-05
721,AA,firefox,18,19,-7.301305467354171e-05,5.5660213744803275e-05
722,AA,ie,18,19,-7.929006049425507e-05,1.4486274690802751e-05
723,AA,safari,18,19,-5.000314841996206e-05,4.725162281541225e-06
724,AB,chrome,18,19,-1.5758137595879363e-05,1.364278225235713e-05
725,AB,firefox,18,19,-1.196230542999961e-05,9.397471193851882e-06
726,AB,ie,18,19,-1.1816167581567104e-05,-8.967680997734522e-07
727,AB,safari,18,19,-1.1141641341015755e-05,-1.826600426004565e-06
728,AC,chrome,18,19,-0.00022424388498703223,-0.0002671368065595318
729,AC,firefox,18,19,-5.348639477117955e-06,-7.177497679082957e-05
730,AC,ie,18,19,9.163841566792182e-06,-0.00011956805844032272
731,AC,safari,18,19,-7.258481960610068e-05,-9.292390873415674e-05
732,AD,chrome,18,19,-0.00020105504205090345,4.9518840609603216e-05
733,AD,firefox,18,19,-1.7440016157917058e-05,1.2879025051362475e-05
734,AD,ie,18,19,-1.4110939681125572e-05,4.524071973342789e-05
735,AD,safari,18,19,-1.4649738407368545e-05,1.1595715971257098e-05
736,AE,chrome,18,19,-2.575755383305172e-05,-0.00018889594752344367
737,AE,firefox,18,19,-5.4167372526738395e-06,-3.0751623408275195e-05
738,AE,ie,18,19,7.646087700874076e-06,-8.695653710870074e-05
739,AE,safari,18,19,-1.1311899806955014e-05,-6.384511877084985e-05
740,AF,chrome,18,19,2.221065344035013e-05,8.731755697312014e-06
741,AF,firefox,18,19,-1.0400439376196744e-05,5.4137497136316746e-06
742,AF,ie,18,19,-1.7105279638963264e-05,1.4484649775259744e-05
743,AF,safari,18,19,2.5162367162845454e-06,-8.437101606469347e-07
744,AG,chrome,18,19,-2.130509354812778e-05,-6.623754613499208e-06
745,AG,firefox,18,19,-8.368360105271367e-08,-6.181242478759439e-06
746,AG,ie,18,19,-7.4203827964173255e-06,-2.1780175212662844e-06
747,AG,safari,18,19,2.936993934469054e-06,-1.0221780750682003e-06
748,AH,chrome,18,19,-0.00011886420016213671,-1.8176400996653614e-05
749,AH,firefox,18,19,-2.4653460729354698e-05,-3.474415949952205e-05
750,AH,ie,18,19,2.0388787359767695e-05,-2.2473932715325132e-06
751,AH,safari,18,19,-3.261905777995038e-05,2.3885428104294493e-05
752,AI,chrome,18,19,-2.7752495963318694e-05,-7.3414835277619e-06
753,AI,firefox,18,19,1.2845890703551606e-06,-1.7054775506404464e-06
754,AI,ie,18,19,-8.0520991370777e-06,-5.037843993935533e-06
755,AI,safari,18,19,-3.819083814326331e-06,-1.2322947685882418e-06
756,AJ,chrome,18,19,-1.8560638208015114e-05,8.468650534141045e-05
757,AJ,firefox,18,19,-7.046325618196412e-06,2.9088391260112867e-05
758,AJ,ie,18,19,1.3388060309060449e-05,4.824740233626885e-05
759,AJ,safari,18,19,-2.4834124665560725e-05,2.4605322322834976e-05
